x,max_profit,min_profit
AACG,0.68,0
AACQ,0.55,0.05
AACQU,0.39,0.02
AACQW,0.11,0.11
AAL,5.55,0.27
AAME,1.61,0
AAOI,2.54,0.21
AAON,7.34,0.6
AAPL,12.81,0.75
AAWW,8.14,0.88
AAXJ,2.11,0.25
AAXN,9.95,1.3
ABCB,3.53,0.37
ABEO,0.58,0.07
ABIO,14.58,0.07
ABMD,29.15,3.06
ABTX,5.74,0.24
ABUS,4.25,0.05
ACAD,5.31,0.7
ACAM,0.6,0
ACAMU,1.07,0
ACAMW,0.1,0.1
ACBI,2.02,0.19
ACCD,7.78,0
ACER,1.51,0.1
ACEVU,0.55,0
ACGL,4.54,0.42
ACGLO,2.57,0.06
ACGLP,3,0.06
ACHC,4.27,0.53
ACHV,6.26,0.2
ACIA,2.37,0.15
ACIU,4.78,0.18
ACIW,4.08,0.33
ACLS,4.67,0.42
ACMR,14.07,1.68
ACNB,4.98,0.39
ACOR,0.34,0.02
ACRS,1.1,0.04
ACRX,0.37,0.02
ACST,0.31,0.01
ACT,0.97,0
ACTG,0.84,0.05
ACWI,3.6,0.27
ACWX,1.8,0.17
ADAP,4.97,0.15
ADBE,41.47,3.68
ADES,1.25,0.08
ADI,8.49,1.25
ADIL,1.45,0.03
ADILW,0.04,0.04
ADMA,1.16,0.09
ADMP,0.38,0.02
ADMS,1.57,0.07
ADP,15.54,1.46
ADPT,5.01,0.81
ADRE,1.76,0.17
ADRO,0.88,0.08
ADSK,17.58,3.15
ADTN,1.73,0.19
ADTX,3.87,0.07
ADUS,19.55,1.17
ADVM,5.59,0.36
ADXN,23.85,0
ADXS,0.2,0.01
AEGN,2.12,0.35
AEHR,0.5,0.03
AEIS,11.12,0.95
AEMD,1.42,0.03
AERI,2.07,0.32
AESE,2.59,0.07
AEY,1.29,0.04
AEYE,5.18,0.17
AEZS,0.44,0.01
AFH,1.78,0.01
AFIB,6.91,0.7
AFIN,1.23,0.17
AFINP,4.4,0.14
AFMD,0.8,0.09
AFYA,4.28,0.33
AGBA,0.46,0
AGBAR,0,0
AGBAW,0.1,0.1
AGEN,1.19,0.09
AGFS,1.45,0.01
AGIO,8.07,0.74
AGLE,1.84,0.16
AGMH,5.46,0.04
AGNC,2.39,0.14
AGNCM,3.37,0.05
AGNCN,3.04,0.08
AGNCO,3.2,0.08
AGNCP,3.72,0.12
AGRX,0.69,0.07
AGTC,1.25,0.11
AGYS,2.75,0.39
AGZD,2.41,0
AHCO,4.51,0.32
AHPI,8.91,0.14
AIA,2.93,0.26
AIH,1.22,0.16
AIHS,1.01,0.01
AIKI,1.95,0.02
AIMC,4.85,0.5
AIMT,2.83,0.03
AINV,2.22,0.1
AIQ,1.09,0.11
AIRG,2.24,0.13
AIRR,1.43,0.07
AIRT,2.79,0
AIRTP,2.07,0
AIRTW,0.01,0.01
AKAM,8.12,1.18
AKBA,2.15,0.08
AKCA,2.46,0.02
AKER,3.5,0.09
AKRO,4.61,0.49
AKTS,1.44,0.23
AKTX,0.63,0.03
AKU,0.57,0
AKUS,5.84,0.65
ALAC,0.21,0
ALACR,0.01,0.01
ALACW,0.04,0.04
ALBO,11.49,0.44
ALCO,7.97,0.27
ALDX,1.09,0.13
ALEC,7.22,0.28
ALGN,32.33,4.07
ALGT,20.58,1.82
ALIM,2.22,0.11
ALJJ,0.45,0.02
ALKS,2.59,0.29
ALLK,15.12,1.79
ALLO,7.27,0.83
ALLT,1.97,0.17
ALNA,1.22,0.03
ALNY,14.35,2.11
ALOT,3.11,0.08
ALPN,6.3,0.05
ALRM,8.09,0.84
ALRN,0.61,0.02
ALRS,2.45,0.12
ALSK,0.31,0.03
ALT,9.94,0.1
ALTA,5.56,0.26
ALTM,6.8,0.28
ALTR,4.05,0.53
ALTY,1.17,0.04
ALVR,11.69,1.33
ALXN,11.28,1.15
ALXO,13.49,0.9
ALYA,0.71,0
AMAG,2.1,0.19
AMAL,2.89,0.23
AMAT,5.46,0.77
AMBA,6.38,0.6
AMCA,0.95,0
AMCI,0.74,0
AMCIU,1.98,0
AMCIW,0.08,0.08
AMCX,5.73,0.49
AMD,8.06,1.01
AMED,31.69,3.3
AMEH,2.69,0.3
AMGN,23.65,1.44
AMHC,0.26,0
AMHCU,0.68,0
AMHCW,0.01,0.01
AMKR,2.08,0.18
AMNB,6.51,0.34
AMOT,6.98,0.58
AMPH,1.64,0.22
AMRB,1.51,0
AMRH,2.65,0.02
AMRHW,0.01,0.01
AMRK,3.93,0.28
AMRN,1.75,0.13
AMRS,2.32,0.11
AMSC,1.05,0.14
AMSF,8.5,0.58
AMSWA,2.33,0.25
AMTB,2.56,0.29
AMTBB,1.31,0
AMTD,6.93,0.49
AMTI,8.85,0.8
AMTX,0.97,0.02
AMWD,11.3,0.89
AMYT,5.26,0
AMZN,275.9,23.18
ANAB,3.19,0.38
ANAT,7.95,0.83
ANCN,0.65,0
ANDA,0.24,0
ANDAR,0.05,0.05
ANDAU,2.81,0
ANDAW,0.05,0.05
ANDE,2.71,0.32
ANGI,1.9,0.17
ANGL,1.59,0.08
ANGO,1.73,0.16
ANIK,4.05,0.73
ANIP,8.6,0.6
ANIX,1.02,0.04
ANNX,6.9,0.88
ANPC,3.8,0
ANSS,19.95,4.35
ANTE,0.8,0.01
ANY,2.17,0.03
AOSL,2.88,0.11
AOUT,12.66,0.38
AOUTV,12.66,12.66
APA,2.94,0.3
APDN,4.77,0.17
APEI,7.08,0.33
APEN,0.72,0.01
APEX,5.9,0.2
APHA,0.66,0.09
API,12.6,1.35
APLS,4.29,0.61
APLT,7.65,0.78
APM,1.22,0.07
APOG,4.18,0.35
APOP,2.76,0.05
APOPW,0,0
APPF,21.71,2.29
APPN,8.22,1.17
APPS,5.5,0.18
APRE,9.61,0.53
APTO,1.6,0.11
APTX,0.92,0.13
APVO,4.32,0.18
APWC,0.57,0
APXT,0.8,0
APXTU,0.9,0
APXTW,1.04,1.04
APYX,0.93,0.08
AQB,0.9,0.07
AQMS,0.29,0.02
AQST,1.34,0.15
ARAV,2.72,0.18
ARAY,0.54,0.07
ARCB,3.24,0.25
ARCC,2.37,0.11
ARCE,8.01,0.57
ARCT,17.73,0.46
ARDS,2.67,0
ARDX,1.12,0.13
AREC,1,0.02
ARGX,18.44,1.89
ARKR,3.42,0
ARLP,1.47,0.07
ARNA,8.21,0.8
AROW,4.25,0.29
ARPO,0.57,0.02
ARQT,17.52,0.43
ARTL,1.29,0.03
ARTLW,0,0
ARTNA,3.67,0.37
ARTW,2.02,0
ARVN,8.75,0.57
ARWR,13.07,1.01
ARYA,1.2,0.07
ARYB,2.81,0
ARYBU,1.69,0
ARYBW,0.79,0.79
ASET,0.87,0
ASFI,1.08,0
ASLN,0.42,0.03
ASMB,3.38,0.38
ASML,21.73,3.47
ASND,15.18,1.54
ASPS,3.4,0.34
ASPU,1.54,0.16
ASRT,0.49,0.02
ASRV,0.48,0
ASRVP,1.99,0
ASTC,4.45,0.07
ASTE,12.12,0.83
ASUR,1.88,0.11
ASYS,0.65,0.06
ATAX,1.01,0.06
ATCX,2.2,0
ATCXW,0.05,0.05
ATEC,1.12,0.15
ATEX,10.54,0.38
ATHE,1.97,0.01
ATHX,1.69,0.08
ATIF,1.63,0.03
ATLC,3.56,0.11
ATLO,3.14,0.19
ATNI,18.48,0.93
ATNX,2.07,0.3
ATOM,2.11,0.17
ATOS,1.3,0.04
ATRA,5.13,0.36
ATRC,5.62,0.67
ATRI,111.69,0
ATRO,3.6,0.21
ATRS,0.37,0.06
ATSG,3.41,0.32
ATVI,7.43,0.82
ATXI,1.1,0.17
AUB,3.38,0.34
AUBAP,2.79,0.05
AUBN,12.79,0
AUDC,5.38,0.71
AUPH,2.36,0.27
AUTL,2.36,0.27
AUTO,1.44,0.04
AUVI,7.84,0.2
AVAV,8.22,0.9
AVCO,0.56,0.03
AVCT,4.97,0.06
AVCTW,0.06,0.06
AVDL,2.39,0.19
AVEO,2.99,0.15
AVGO,34.78,2.79
AVGOP,85,0
AVGR,0.22,0.01
AVID,1.01,0.14
AVNW,2.67,0.24
AVRO,3.58,0.41
AVT,4.04,0.43
AVXL,1.33,0.11
AWH,2.06,0.04
AWRE,0.94,0.02
AXAS,0.27,0
AXDX,3.42,0.22
AXGN,2.36,0.25
AXGT,0.74,0.06
AXLA,2.06,0.14
AXNX,4.87,0.77
AXSM,22.43,1.93
AXTI,0.99,0.1
AY,2.9,0.33
AYLA,2.81,0
AYRO,2218.75,0.14
AYTU,0.49,0.02
AZPN,13.59,1.18
AZRX,0.39,0.02
BAND,25.14,2.27
BANF,4.67,0.64
BANFP,2.38,0
BANR,4.75,0.51
BANX,3.33,0.1
BASI,1.09,0.09
BATRA,2.94,0.2
BATRK,3.26,0.27
BBBY,1.61,0.21
BBCP,2.53,0.06
BBGI,2.64,0.04
BBH,7.7,1.08
BBI,0.84,0.02
BBIO,9.04,0.75
BBQ,1.4,0.02
BBSI,10.78,0.59
BCBP,1.27,0.08
BCDA,2.96,0
BCDAW,0,0
BCEL,4.17,0.41
BCLI,2.63,0.16
BCML,2.5,0.12
BCOM,0.81,0.01
BCOR,3.55,0.23
BCOV,3.4,0.15
BCOW,1.15,0
BCPC,9.3,1.01
BCRX,0.92,0.07
BCTF,1.61,0
BCTG,0.77,0.06
BCYC,3.99,0.36
BDGE,2.23,0.25
BDSI,0.87,0.1
BDTX,12.06,0.73
BEAM,6.07,0.5
BEAT,6.44,0.6
BECN,4.3,0.65
BELFA,2.98,0
BELFB,3.75,0.18
BFC,7.58,0.34
BFIN,1.53,0.06
BFIT,1.11,0
BFRA,48.72,0
BFST,4.07,0.12
BFYT,4.17,0
BGCP,0.49,0.06
BGFV,2.17,0.03
BGNE,28.42,3
BGRN,0.64,0.03
BHAT,1.19,0.03
BHF,6.12,0.55
BHFAL,6.28,0.06
BHFAO,0.84,0.11
BHFAP,6.34,0.05
BHTG,1.85,0.01
BIB,6.48,1.2
BICK,1.05,0
BIDU,11.69,1
BIGC,47.76,2.34
BIIB,32.71,2.76
BILI,7.85,0.66
BIMI,0.9,0.04
BIOC,2.8,0.1
BIOL,0.74,0.01
BIS,9.28,0.57
BJK,2.02,0.22
BJRI,3.7,0.53
BKCC,0.8,0.03
BKEP,0.31,0.02
BKEPP,0.6,0.01
BKNG,202.53,18.95
BKSC,3.83,0
BKYI,1.57,0.02
BL,11.37,1.26
BLBD,2.51,0.23
BLCM,2.41,0.18
BLCN,2.11,0.15
BLCT,15.86,0.21
BLDP,4.02,0.25
BLDR,3.38,0.29
BLFS,4.78,0.34
BLI,18.12,1.49
BLIN,1.44,0.04
BLKB,8.68,0.88
BLMN,2.15,0.32
BLNK,3.49,0.04
BLNKW,0.86,0.86
BLPH,11.22,0.25
BLRX,0.59,0.03
BLU,1.99,0.05
BLUE,7.77,1.19
BMCH,2.9,0.35
BMLP,3.32,0
BMRA,4.65,0.15
BMRC,5.41,0.34
BMRN,11.29,1.3
BMTC,4.23,0.39
BND,2.79,0.07
BNDW,1.93,0.04
BNDX,1.11,0.03
BNFT,1.96,0.2
BNGO,0.34,0
BNGOW,0.04,0.04
BNR,4.03,0.44
BNSO,0.67,0
BNTC,9.3,0
BNTX,17.08,1.15
BOCH,1.04,0.08
BOKF,8.38,0.84
BOKFL,5.15,0
BOMN,2.33,0.25
BOOM,4.73,0.63
BOSC,1.17,0
BOTJ,1.34,0
BOTZ,1.39,0.15
BOWXU,0.24,0.02
BOXL,1.58,0.03
BPFH,1.14,0.1
BPMC,7.21,1.18
BPOP,4.28,0.57
BPOPM,3.94,0
BPOPN,2.34,0
BPRN,3.23,0
BPTH,1.74,0.11
BPY,1.69,0.1
BPYPN,2.97,0.08
BPYPO,2.72,0.08
BPYPP,3.34,0.12
BPYU,2.27,0.15
BPYUP,4.38,0.13
BREW,1.49,0.06
BRID,6.7,0
BRKL,1.18,0.13
BRKR,4.78,0.45
BRKS,5.52,0.58
BRLI,0.16,0
BRLIR,0.05,0.05
BRLIU,0.42,0
BRLIW,0.07,0.07
BROG,1.94,0
BROGW,0,0
BRP,4.19,0.34
BRPA,0.92,0
BRPAR,0.25,0
BRPAU,2.5,0
BRPAW,0.03,0.03
BRQS,6.5,0
BRY,1.19,0.1
BSAE,0.26,0
BSBE,0.19,0
BSBK,1.14,0
BSCE,0.24,0
BSCK,0.63,0.01
BSCL,1.27,0.01
BSCM,1.94,0.01
BSCN,2,0.01
BSCO,2.48,0.01
BSCP,0.51,0.02
BSCQ,0.82,0.02
BSCR,0.66,0.04
BSCS,0.64,0.03
BSCT,2.15,0.01
BSDE,2.36,0
BSET,1.73,0.24
BSGM,2.85,0.25
BSJK,1.4,0.01
BSJL,0.9,0.02
BSJM,1.53,0.02
BSJN,1.05,0.04
BSJO,1.3,0.05
BSJP,1.51,0.02
BSJQ,1.97,0.03
BSJR,0.98,0
BSML,0.42,0
BSMM,0.42,0
BSMN,0.41,0
BSMO,0.56,0
BSMP,0.61,0
BSMQ,0.75,0
BSMR,0.49,0
BSMS,0.7,0
BSMT,0.63,0
BSQR,0.47,0
BSRR,2.64,0.24
BSTC,6.52,0.87
BSVN,3.58,0
BTAI,12.49,1.55
BTAQU,0.55,0.01
BTBT,1.65,0.2
BTEC,3.8,0
BUG,1.5,0.1
BUSE,3.01,0.3
BVXV,18.34,0.18
BWAY,1.4,0
BWB,1.52,0.09
BWEN,1.66,0.04
BWFG,2.31,0.14
BWMX,29.05,0
BXRX,1.44,0.09
BYFC,4.09,0
BYND,27.47,2.49
BYSI,4.27,0.29
BZUN,5.15,0.55
CAAS,1.05,0.02
CABA,3.16,0.13
CAC,4.05,0.34
CACC,78.45,6.91
CACG,1.74,0.12
CAKE,6.25,0.66
CALA,1.9,0.12
CALB,2.33,0
CALM,6.64,0.54
CALT,3.46,0.24
CAMP,1.22,0.13
CAMT,1.48,0.17
CAN,1.76,0.06
CAPAU,0.4,0.01
CAPR,7.36,0.09
CAR,4.98,0.79
CARA,2.81,0.3
CARE,2.31,0.1
CARG,3.81,0.44
CARV,15.17,0
CARZ,2.76,0.13
CASA,1.07,0.12
CASH,3.57,0.32
CASI,0.43,0.04
CASS,4.37,0.41
CASY,30.73,1.42
CATB,1.29,0.16
CATC,7.01,0.59
CATH,2.01,0.11
CATM,5.3,0.52
CATY,2.84,0.4
CBAN,2.91,0
CBAT,0.85,0.01
CBAY,1.34,0.06
CBFV,3.99,0.17
CBIO,1.28,0.14
CBLI,2.71,0.04
CBMB,1.65,0
CBMG,2.2,0.1
CBNK,2.46,0
CBPO,7.86,0.52
CBRL,20.46,1.94
CBSH,8.01,0.66
CBSHP,2.57,0
CBTX,3.4,0.28
CCAP,2.76,0.05
CCB,3.67,0.07
CCBG,2.78,0.24
CCCL,2.67,0.06
CCD,2.5,0.15
CCLP,0.44,0.02
CCMP,16.93,2.04
CCNC,0.54,0
CCNE,3.06,0.18
CCNEP,0.19,0
CCOI,11.63,0.91
CCRC,1.95,0
CCRN,2.05,0.15
CCXI,9.81,0.9
CDC,1.65,0.17
CDEV,0.47,0.02
CDK,3.57,0.56
CDL,2.67,0.18
CDLX,12.28,1.79
CDMO,1.11,0.15
CDMOP,3.64,0
CDNA,4.8,0.62
CDNS,8.19,1
CDTX,0.64,0.05
CDW,13.61,1.05
CDXC,0.86,0.08
CDXS,1.66,0.25
CDZI,1.82,0.07
CECE,0.82,0.13
CEFA,0,0
CELC,2.24,0.04
CELH,3.51,0.13
CEMI,4.17,0.15
CENT,6.63,0.48
CENTA,6.3,0.48
CENX,2.35,0.13
CERC,1.05,0.07
CERN,4.85,0.54
CERS,1.14,0.13
CETV,0.45,0.03
CETX,1.6,0.02
CETXP,0.95,0
CETXW,0.01,0.01
CEVA,3.8,0.64
CEY,0.55,0
CEZ,0.55,0
CFA,2.87,0.19
CFB,3.12,0.2
CFBI,1.25,0
CFBK,1.65,0
CFFA,1.11,0
CFFAU,1.81,0
CFFAW,0.16,0.16
CFFI,7.4,0
CFFN,1.32,0.13
CFIIU,0.12,0.01
CFMS,0.25,0.02
CFO,1.86,0.13
CFRX,1.84,0.18
CG,3.43,0.36
CGBD,1.87,0.12
CGEN,3.29,0.4
CGIX,4.26,0.03
CGNX,5.02,0.79
CGO,1.78,0.06
CGRO,0.65,0
CGROU,0.61,0
CGROW,0.03,0.03
CHCI,3.75,0.01
CHCO,7.95,0.63
CHDN,15.15,2.48
CHEF,3.44,0.35
CHEK,0.27,0.01
CHEKZ,0.01,0.01
CHFS,0.29,0.01
CHI,1.05,0.06
CHKP,9.55,1.13
CHMA,2.48,0.09
CHMG,6.25,0
CHNA,2.55,0
CHNG,1.8,0.18
CHNGU,7.1,0
CHNR,4.67,0
CHPM,0.4,0
CHPMU,0.73,0
CHPMW,0.06,0.06
CHRS,2.26,0.36
CHRW,7.47,0.82
CHSCL,3.43,0.1
CHSCM,4.23,0.07
CHSCN,3.96,0.1
CHSCO,3.73,0.1
CHSCP,2.56,0.12
CHTR,40.05,6.29
CHUY,3.24,0.26
CHW,0.83,0.04
CHY,1.24,0.08
CIBR,2.06,0.29
CID,1.14,0
CIDM,2.85,0.01
CIGI,13.63,0.69
CIH,0.59,0.04
CIIC,0.35,0
CIICU,0.5,0
CIICW,0.01,0.01
CIL,1.24,0
CINF,9.67,0.91
CIVB,2.58,0.22
CIZ,1.18,0.02
CIZN,3.28,0
CJJD,0.88,0.02
CKPT,1,0.05
CLAR,1.34,0.16
CLBK,1.24,0.16
CLBS,0.99,0.03
CLCT,4.98,0.44
CLDB,7,0
CLDX,5.87,0.06
CLEU,4.64,0.15
CLFD,3.96,0.1
CLGN,1.68,0
CLIR,1.93,0.02
CLLS,3.42,0.36
CLMT,0.7,0.04
CLNE,1.47,0.05
CLOU,1.81,0.25
CLPS,1.68,0.04
CLPT,1,0.06
CLRB,0.41,0.04
CLRBZ,0.05,0.05
CLRG,1.2,0
CLRO,1.21,0.03
CLSD,0.46,0.04
CLSK,3.81,0.06
CLSN,2.5,0.02
CLUB,0.59,0.02
CLVS,2.55,0.16
CLWT,1.03,0
CLXT,1.88,0.13
CMBM,3.42,0
CMCO,3.87,0.5
CMCSA,4.25,0.35
CMCT,3.39,0.07
CMCTP,0,0
CME,23.68,1.76
CMFNL,0.08,0.08
CMLFU,0.96,0.15
CMLS,1.96,0.13
CMPI,3.33,0.42
CMPR,22.7,1.24
CMRX,1.03,0.05
CMTL,3.18,0.25
CNBKA,8.36,0
CNCE,2.17,0.16
CNCR,1.5,0.06
CNDT,1.04,0.03
CNET,0.68,0.03
CNFR,1.45,0
CNFRL,3.25,0
CNNB,1.24,0
CNOB,1.75,0.21
CNSL,1.33,0.11
CNSP,2.47,0
CNST,9.9,0.48
CNTG,7.73,0.03
CNTY,1.13,0.1
CNXN,6.69,0.44
COCP,0.85,0.03
CODA,1.49,0.09
CODX,11.37,0.39
COFS,4.83,0
COHR,20.53,1.66
COHU,2.29,0.23
COKE,47.7,2.61
COLB,3.94,0.34
COLL,3.49,0.36
COLM,7.35,1.1
COMM,1.8,0.2
COMT,1.45,0.08
CONE,6.01,1.02
CONN,3.55,0.15
COOP,2.56,0.23
CORE,4.78,0.41
CORT,10.67,0.21
COST,20.99,1.99
COUP,37.2,4.5
COWN,2.04,0.19
COWNL,3.48,0
COWNZ,3.53,0
CPAA,1.01,0
CPAAU,1.27,0
CPAAW,0.78,0.78
CPAH,1.85,0.07
CPHC,6.77,0
CPIX,0.64,0.05
CPLP,1.67,0.11
CPRT,13.72,0.59
CPRX,0.7,0.08
CPSH,0.89,0.01
CPSI,4.47,0.38
CPSS,1.23,0.03
CPST,0.81,0.06
CPTA,5.1,0.16
CPTAG,4.67,0
CPTAL,3,0
CPZ,2.73,0.13
CRAI,4.22,0.66
CRBP,0.97,0.07
CRDF,5.3,0.08
CREE,6,0.75
CREG,4.9,0.06
CRESY,1.24,0.08
CREX,3.41,0
CREXW,0,0
CRIS,1.95,0.02
CRMT,13.29,0.97
CRNC,8.08,1.01
CRNT,0.52,0.04
CRNX,4.05,0.4
CRON,1.39,0.13
CROX,4.74,0.78
CRSA,2.96,0
CRSAU,3.89,0
CRSAW,0.13,0.13
CRSP,11.43,1.45
CRTD,0.67,0.15
CRTDW,0.1,0.1
CRTO,1.96,0.21
CRTX,10.49,0.87
CRUS,8.31,0.69
CRVL,11.23,0.95
CRVS,2.19,0.11
CRWD,22.12,1.83
CRWS,0.73,0.04
CSA,1.98,0
CSB,2.86,0.15
CSBR,1.27,0.09
CSCO,3.55,0.3
CSF,1.46,0.07
CSGP,153.57,5.74
CSGS,5.93,0.48
CSII,4.91,0.68
CSIQ,3.8,0.43
CSML,1.95,0.01
CSOD,4.85,0.52
CSPI,3.2,0
CSQ,1.6,0.09
CSSE,3.4,0.14
CSSEN,1.7,0
CSSEP,2.96,0
CSTE,1.23,0.15
CSTL,6.55,0.54
CSTR,2.34,0.13
CSWC,3.12,0.13
CSWCL,4.53,0
CSWI,10.04,0.82
CSX,6.18,0.71
CTAS,31.7,2.45
CTBI,3.87,0.36
CTG,0.98,0.01
CTHR,0.2,0.01
CTIB,5.57,0
CTIC,0.41,0.02
CTMX,2.53,0.18
CTRE,2.5,0.21
CTRM,0.45,0.01
CTRN,2.09,0.33
CTSH,4.79,0.68
CTSO,1.65,0.2
CTXR,0.79,0.02
CTXRW,0.01,0.01
CTXS,16.78,1.83
CUBA,0.8,0.01
CUE,3.9,0.53
CUTR,2.74,0.3
CVAC,19.85,1.4
CVBF,2.57,0.2
CVCO,26.48,3.14
CVCY,2.35,0.14
CVET,3.09,0.47
CVGI,1.75,0.09
CVGW,8.71,0.62
CVLG,2.46,0.34
CVLT,5.82,0.5
CVLY,2.47,0.15
CVV,1.65,0.05
CWBC,1,0
CWBR,1.1,0.03
CWCO,2.04,0.16
CWST,5.39,0.64
CXDC,0.25,0.01
CXDO,3.52,0
CXSE,3.01,0.39
CYAD,1.8,0
CYAN,0.75,0
CYBE,5.67,0.42
CYBR,11.65,1.52
CYCC,10.9,0.07
CYCCP,1.59,0
CYCN,2.43,0.18
CYRN,0.49,0
CYRX,15.71,0.5
CYTK,4.11,0.28
CZNC,3.6,0.16
CZR,5.73,0.12
CZWI,1.65,0
DADA,4.64,0.4
DAIO,0.58,0.04
DAKT,0.55,0.07
DALI,1.45,0
DARE,0.72,0.02
DAX,1.1,0.11
DBCP,0.99,0
DBVT,1.03,0.04
DBX,1.95,0.32
DCOM,3.88,0.22
DCOMP,2.9,0
DCPH,6.45,0.86
DCT,7,0.81
DCTH,2,0
DDIV,1.77,0
DDOG,12.97,0.84
DENN,3.65,0.28
DFFN,0.39,0.02
DFHTU,1.05,0
DFNL,1.29,0.08
DFPH,0.68,0
DFPHU,0.55,0
DFPHW,0.26,0.26
DGICA,2.09,0.12
DGICB,1.92,0
DGII,1.74,0.24
DGLY,2.6,0.02
DGRE,2.48,0.03
DGRS,1.81,0.14
DGRW,2.39,0.17
DHC,1.55,0.11
DHCNI,6.03,0.05
DHCNL,0.25,0.25
DHIL,13.5,0
DINT,0.82,0.07
DIOD,3.95,0.58
DISCA,3.4,0.29
DISCB,66.1,0
DISCK,3,0.23
DISH,3.52,0.47
DJCO,37,0
DKNG,8.98,0.53
DLHC,2.9,0.11
DLPN,1.12,0.01
DLPNW,0,0
DLTH,2.95,0.15
DLTR,10.57,0.8
DMAC,2.86,0.06
DMLP,1.91,0.15
DMPI,0.64,0.02
DMRC,4.16,0.31
DMTK,2.37,0.29
DMXF,0.63,0
DNKN,9.4,0.72
DNLI,5.69,0.58
DOCU,39.11,2.85
DOGZ,1.05,0
DOMO,8.9,0.56
DOOO,4.81,0.53
DORM,10.69,1.17
DOX,5.54,0.47
DOYU,2.32,0.16
DPHC,4.96,0
DPHCU,9.19,0
DPHCW,0.91,0.91
DRAD,0.93,0.06
DRADP,1.74,0
DRIO,7.4,0.17
DRIOW,0,0
DRIV,0.8,0.1
DRNA,3.46,0.6
DRRX,0.59,0.06
DRTT,1.21,0.02
DSGX,4.46,0.6
DSKE,0.91,0.07
DSKEW,0.01,0.01
DSPG,1.55,0.2
DSWL,0.64,0
DTEA,0.64,0.02
DTIL,1.4,0.2
DTSS,3.34,0.02
DUO,119.04,0
DUOT,1.99,0
DUSA,1.17,0.09
DVAX,2.69,0.18
DVLU,1.28,0
DVOL,1.43,0.05
DVY,6.47,0.65
DWAS,3.51,0.26
DWAT,0.42,0
DWAW,1.33,0
DWCR,0.94,0
DWEQ,1.18,0
DWFI,0.91,0.02
DWLD,1.06,0.11
DWMC,1.21,0
DWPP,1.57,0
DWSH,4.46,0.23
DWSN,0.73,0.02
DWUS,1.44,0
DXCM,44.05,8.18
DXGE,0.93,0
DXJS,1.31,0
DXLG,0.38,0.01
DXPE,3.14,0.39
DXYN,0.43,0.03
DYAI,3.05,0.1
DYNT,0.44,0.01
DZSI,1.3,0.12
EA,12.29,1.35
EARS,0.54,0.01
EAST,0.53,0.03
EBAY,3.86,0.55
EBAYL,1.58,0.04
EBIX,3.32,0.4
EBIZ,2.7,0.18
EBMT,3.44,0.06
EBON,7.14,0.17
EBSB,1.43,0.11
EBTC,5.65,0.13
ECHO,1.82,0.33
ECOL,3.62,0.51
ECOLW,0.79,0.79
ECOR,1.98,0.03
ECOW,0.53,0
ECPG,7.01,0.57
EDAP,0.93,0.05
EDIT,4.51,0.71
EDNT,2.69,0.06
EDOC,1.3,0.1
EDRY,9.7,0
EDSA,10.37,0.02
EDTK,2.26,0.14
EDUC,5.12,0.09
EDUT,1.18,0.11
EEFT,14.76,1.56
EEMA,2.34,0.26
EFAS,0.48,0
EFOI,32031.25,0
EFSC,3.61,0.45
EGAN,2.1,0.16
EGBN,3.49,0.47
EGLE,2.01,0.07
EGOV,2.66,0.28
EGRX,8.87,0.59
EH,3.34,0.12
EHTH,24.1,1.59
EIDX,7.91,0.84
EIGI,2.22,0.1
EIGR,2.92,0.23
EKSO,3.7,0.12
ELOX,0.79,0.05
ELSE,1.48,0
ELTK,1.67,0.03
EMB,5.51,0.13
EMCB,4.99,0
EMCF,4.51,0
EMIF,1.05,0
EMKR,0.64,0.03
EML,2.57,0.31
EMXC,1.45,0.11
ENDP,0.76,0.09
ENG,0.45,0.02
ENLV,1.17,0.1
ENOB,7.81,0.11
ENPH,14.42,1.55
ENSG,7.07,0.78
ENTA,6.55,0.85
ENTG,6.51,0.8
ENTX,1.15,0
ENTXW,0,0
ENZL,3.03,0.27
EOLS,2.37,0.14
EPAY,8.36,0.8
EPIX,1.19,0.03
EPSN,0.79,0
EPZM,3.98,0.35
EQ,19.7,0.07
EQBK,2.71,0.16
EQIX,66.78,7.31
EQRR,1.57,0
ERES,0.14,0.03
ERESU,1,0.01
ERESW,0.23,0.23
ERIC,0.61,0.08
ERIE,30.02,2.08
ERII,0.98,0.12
ERYP,6.81,0
ESBK,1.8,0
ESCA,2.96,0.19
ESEA,2.08,0.06
ESGD,2.9,0.17
ESGE,1.13,0.12
ESGR,18.39,1.48
ESGRO,4.13,0.06
ESGRP,4.37,0.09
ESGU,3.71,0.21
ESLT,7.77,0.55
ESPO,2.76,0.32
ESPR,6.39,0.84
ESQ,4.19,0.22
ESSA,4.01,0.06
ESSC,0.3,0
ESSCR,0.02,0.02
ESSCU,0.41,0
ESSCW,0.05,0.05
ESTA,2.73,0.27
ESXB,0.64,0.05
ETACU,0.27,0.01
ETFC,4.4,0.51
ETNB,9.8,0.62
ETON,1.44,0.1
ETSY,13.76,1.62
ETTX,1.09,0.06
EUFN,0.77,0.09
EVBG,20.65,2.49
EVER,11.52,1.28
EVFM,1.36,0.04
EVGN,0.72,0
EVK,2.4,0
EVLMC,0,0
EVLO,1.76,0.14
EVOK,1.47,0.04
EVOL,0.49,0
EVOP,2.46,0.38
EVSI,2.7,0.24
EVSIW,0.58,0.58
EWBC,4.06,0.61
EWJE,0.94,0
EWJV,0.6,0
EWZS,1.08,0.12
EXAS,9.1,1.55
EXC,3.21,0.41
EXEL,2.41,0.28
EXFO,0.49,0.01
EXLS,9.8,0.57
EXPC,0.7,0
EXPCU,0.32,0
EXPCW,0.01,0.01
EXPD,6.51,0.66
EXPE,11.63,1.55
EXPI,5.72,0.12
EXPO,9.79,0.74
EXTR,0.61,0.09
EYE,5.43,0.67
EYEG,1.86,0.06
EYEN,2.16,0.04
EYES,1.53,0.03
EYESW,0,0
EYPT,0.38,0.02
EZPW,0.78,0.1
FAAR,2.25,0.12
FAB,3.32,0
FAD,3.7,0.19
FALN,1.29,0.06
FAMI,0.74,0.02
FANG,7.77,0.95
FANH,3.04,0.13
FARM,1.79,0.11
FARO,5.22,0.73
FAST,3.91,0.42
FAT,3.43,0.02
FATBP,2.7,0
FATBW,0.3,0.3
FATE,6.07,0.73
FB,20.67,2.36
FBIO,0.66,0.09
FBIOP,2.49,0.05
FBIZ,4.04,0.18
FBMS,2.63,0.36
FBNC,6.5,0.38
FBRX,148.5,0.22
FBSS,2.99,0
FBZ,0.91,0
FCA,0.74,0
FCAL,2.71,0
FCAN,1.46,0
FCAP,12.26,0
FCBC,4.2,0.17
FCBP,4.15,0.09
FCCO,1.95,0.03
FCCY,2.62,0.14
FCEF,1.33,0
FCEL,0.84,0.07
FCFS,10.6,0.61
FCNCA,60.81,4.62
FCNCP,2.44,0.06
FCRD,0.35,0.03
FCVT,2.09,0.12
FDBC,8.91,0
FDIV,2.41,0.02
FDNI,4.71,0
FDT,1.93,0.15
FDTS,1.25,0
FDUS,2.25,0.09
FDUSG,3.93,0
FDUSL,0,0
FDUSZ,4.01,0
FEIM,1.94,0
FELE,5.83,0.63
FEM,0.88,0.07
FEMB,2.4,0.1
FEMS,1.12,0.16
FENC,1.96,0.17
FEP,1.39,0.1
FEUZ,1.25,0
FEX,3.58,0.17
FEYE,1.55,0.18
FFBC,2.66,0.26
FFBW,1.23,0
FFHL,4.67,0
FFIC,1.72,0.16
FFIN,2.78,0.47
FFIV,13.46,1.48
FFNW,1.82,0.01
FFWM,1.62,0.2
FGBI,3.68,0
FGEN,9.94,0.77
FGM,2.06,0
FHB,2.31,0.26
FHK,0.93,0
FIBK,6.87,0.44
FID,0.68,0
FIIIU,0.49,0.01
FINX,2.04,0.23
FISI,4.07,0.35
FISV,9.5,1.2
FITB,2.81,0.3
FITBI,5.81,0.12
FITBO,2.87,0.08
FITBP,3.56,0.01
FIVE,9.75,1.97
FIVN,10.81,2.07
FIXD,5.93,0.06
FIXX,5.02,0.21
FIZZ,8.41,1.13
FJP,1.47,0
FKO,0.68,0
FKU,1.99,0
FLDM,3.76,0.13
FLEX,1.5,0.15
FLGT,9.28,0.43
FLIC,3.23,0.16
FLIR,8.12,0.55
FLL,0.44,0.04
FLMN,0.93,0.07
FLMNW,0,0
FLN,1.2,0
FLNT,0.98,0.05
FLUX,1,0.19
FLWS,4.89,0.49
FLXN,1.88,0.33
FLXS,2.41,0.24
FMAO,4.7,0.01
FMB,1.86,0.07
FMBH,3.18,0.43
FMBI,1.99,0.2
FMBIO,0.83,0.08
FMBIP,0.97,0.04
FMCI,4.68,0
FMCIU,6.69,0
FMCIW,1.37,1.37
FMHI,4.47,0.06
FMK,1.74,0
FMNB,1.35,0.16
FMTX,10.6,0.58
FNCB,1.42,0.07
FNHC,1.51,0.11
FNK,1.78,0.07
FNKO,1.4,0.18
FNLC,4.2,0.22
FNWB,1.88,0.01
FNX,3.81,0.18
FNY,2.52,0.26
FOCS,3.28,0.63
FOLD,1.74,0.33
FONR,4.33,0.34
FORD,1.33,0.02
FORK,0.97,0
FORM,2.31,0.43
FORR,7.36,0.58
FORTY,6.55,0
FOSL,2.76,0.13
FOX,3.28,0.32
FOXA,3.44,0.35
FOXF,14.8,1.2
FPA,1.23,0
FPAY,0.4,0.03
FPRX,2.01,0.12
FPXE,0.65,0
FPXI,3.48,0.27
FRAF,4.71,0
FRAN,3.91,0.14
FRBA,1.65,0.09
FRBK,0.44,0.04
FREE,1.48,0.15
FREEW,0.06,0.06
FREQ,4.2,0.53
FRG,5.01,0.25
FRGI,1.88,0.21
FRHC,1.46,0.06
FRLN,4.68,0.35
FRME,5.03,0.27
FRPH,5.05,0.36
FRPT,12.66,1.65
FRSX,0.92,0.02
FRTA,2.3,0.26
FSBW,8.02,0.39
FSDC,0.71,0
FSEA,1.08,0
FSFG,8.09,0
FSLR,9.59,0.72
FSRV,0.43,0
FSRVU,0.88,0
FSTR,2.12,0.17
FSV,13.24,1.03
FSZ,2.15,0
FTA,3.22,0.23
FTAC,0.71,0
FTACU,1.5,0
FTAG,0.8,0
FTC,3.92,0.32
FTCS,3.02,0.22
FTDR,7.96,0.61
FTEK,0.65,0.02
FTFT,1.23,0.03
FTGC,1.32,0.08
FTHI,1.03,0.04
FTHM,4.05,0.12
FTLB,1.71,0
FTNT,16.42,1.95
FTOCU,0.08,0.01
FTRI,0.35,0
FTSL,3.76,0.08
FTSM,1.12,0.01
FTXD,1.76,0
FTXG,1.34,0
FTXH,1.66,0
FTXL,2.9,0.28
FTXN,1.03,0
FTXO,1.41,0.16
FTXR,1.65,0
FULC,4.95,0.18
FULT,1.93,0.18
FUNC,2.02,0.12
FUND,0.66,0.03
FUSB,1.88,0
FUSN,3.67,0.18
FUTU,5.59,0.17
FUV,2.29,0.05
FV,2.25,0.2
FVC,1.43,0.1
FVCB,2.56,0.08
FVE,0.65,0.08
FWONA,3.63,0.34
FWONK,4.17,0.44
FWP,5.9,0
FWRD,4.54,0.51
FXNC,2.19,0
FYC,2.59,0.22
FYT,2.4,0.24
FYX,3.7,0.17
GABC,3.35,0.29
GAIA,1.92,0.15
GAIN,1.67,0.11
GAINL,5.3,0.02
GAINM,2.9,0
GALT,1.08,0.06
GAN,4.92,0.68
GARS,0.76,0.03
GASS,0.6,0.03
GBCI,5.2,0.53
GBDC,2.02,0.12
GBIO,4.7,0.52
GBLI,8.79,0.32
GBT,9.76,1.11
GCBC,5.85,0
GDEN,2.79,0.29
GDS,8.97,1.19
GDYN,1.7,0.09
GEC,1.72,0
GECC,0.84,0.07
GECCN,3.67,0
GENC,1.84,0.12
GENE,7.66,0
GENY,3.62,0
GEOS,1.62,0.13
GERN,0.61,0.03
GEVO,1.3,0.01
GFED,1.67,0
GFN,1.29,0.06
GFNCP,12.3,0
GFNSL,0.17,0.17
GGAL,2.36,0.24
GH,10.18,1.24
GHIV,0.51,0
GHIVU,0.94,0
GHIVW,0.01,0.01
GHSI,0.15,0.01
GIFI,0.72,0.02
GIGE,1.81,0
GIGM,1.29,0.01
GIII,2.21,0.36
GILD,9.6,0.53
GILT,1.08,0.06
GLAD,1.63,0.09
GLADD,5.57,0
GLADL,3.47,0
GLBS,0.31,0
GLBZ,1.72,0
GLDD,1.11,0.14
GLDI,0.49,0.02
GLG,0.88,0.01
GLIBA,7.31,0.68
GLIBP,3.66,0
GLMD,1.1,0.09
GLNG,2.04,0.22
GLPG,14.24,0.99
GLPI,5.8,0.49
GLRE,0.98,0.15
GLUU,1.76,0.17
GLYC,1.64,0.08
GMAB,1.96,0.32
GMBL,4.52,0
GMBLW,0,0
GMDA,1.65,0.02
GMHI,1.07,0
GMHIU,2.28,0
GMHIW,0.54,0.54
GMLP,1,0.06
GMLPP,4.52,0.2
GNCA,1.53,0.08
GNFT,2.83,0.04
GNLN,0.72,0.05
GNMA,3.7,0.02
GNMK,3.36,0.26
GNOM,1.98,0.13
GNPX,1.25,0.08
GNRS,0.3,0
GNRSU,0.6,0
GNRSW,0.05,0.05
GNSS,1.08,0.07
GNTX,2.2,0.21
GNTY,4.38,0.18
GNUS,7.48,0.01
GO,3.72,0.55
GOCO,7.54,0.37
GOGL,0.33,0.05
GOGO,3.21,0.08
GOOD,2.31,0.32
GOODM,4.46,0
GOODN,4.83,0
GOOG,97.5,16.42
GOOGL,97.02,15.74
GOSS,2.77,0.25
GP,3.61,0.57
GPOR,0.77,0.04
GPP,2.37,0.11
GPRE,1.86,0.3
GPRO,0.72,0.09
GRBK,2.23,0.24
GRCY,0.13,0
GRCYU,0.23,0
GRCYW,0.02,0.02
GRFS,2.26,0.22
GRID,2.79,0
GRIF,6.9,0
GRIL,1.13,0.04
GRIN,3.73,0
GRMN,8.97,0.77
GRNQ,2.17,0.01
GRNV,0.17,0
GRNVR,0.02,0.02
GRNVU,0.68,0
GRNVW,0.09,0.09
GROW,0.83,0.02
GRPN,10,0.44
GRSVU,0.18,0
GRTS,1.48,0.07
GRTX,2.59,0.14
GRVY,16.25,0.98
GRWG,4.73,0.15
GSBC,6.38,0.51
GSHD,13.99,1.24
GSIT,1.1,0.06
GSKY,2.33,0.11
GSM,0.18,0.01
GSMG,1.22,0.02
GSMGW,0.02,0.02
GSUM,0.7,0.02
GT,1.01,0.17
GTEC,2.22,0.01
GTH,2.95,0
GTHX,3.03,0.36
GTIM,0.92,0.02
GTLS,6.16,0.94
GTYH,1.19,0.08
GURE,1.34,0.02
GVP,0.22,0
GWGH,1.58,0
GWPH,14.15,1.69
GWRS,2.03,0.11
GXGX,0.52,0
GXGXU,0.59,0
GXGXW,0.17,0.17
GXTG,2.33,0
GYRO,1.05,0
HA,4.12,0.38
HAFC,1.36,0.15
HAIN,4.1,0.3
HALL,1.89,0.06
HALO,3.18,0.41
HAPP,1.08,0.03
HARP,5.66,0.4
HAS,8.35,1.12
HAYN,2.54,0.35
HBAN,1.16,0.15
HBANN,3.45,0
HBANO,3.31,0.03
HBCP,4.55,0.16
HBIO,0.68,0
HBMD,1.82,0.08
HBNC,1.68,0.15
HBP,1.15,0
HBT,3.48,0.11
HCAC,1.32,0
HCACU,4.33,0
HCACW,0.2,0.2
HCAP,1.34,0.05
HCAPZ,0,0
HCAT,3.34,0.54
HCCH,1.88,0
HCCHR,0.02,0.02
HCCHU,5.32,0
HCCHW,0.15,0.15
HCCI,3.35,0.25
HCCO,1.8,0
HCCOU,1.71,0
HCCOW,0.08,0.08
HCDI,2.68,0.23
HCKT,1.93,0.16
HCM,2.62,0.42
HCSG,5.13,0.25
HDS,3.64,0.45
HDSN,0.34,0.02
HEAR,2.9,0.25
HEBT,8.75,0.21
HEC,0.61,0
HECCU,0.31,0
HECCW,0.19,0.19
HEES,3.08,0.34
HELE,18.13,1.89
HEPA,1.72,0.07
HERD,0.64,0
HERO,1.29,0.15
HEWG,0.97,0.07
HFBL,5.4,0
HFFG,2.9,0.22
HFWA,2.76,0.34
HGBL,0.63,0
HGSH,1.98,0.02
HHR,2.93,0.38
HHT,0.67,0.01
HIBB,3.48,0.54
HIFS,25.42,0
HIHO,1.91,0
HIMX,0.89,0.07
HJLI,0.49,0.01
HJLIW,0.15,0
HLAL,1.23,0.09
HLG,16.28,0
HLIO,7.17,0.48
HLIT,1.07,0.08
HLNE,8.28,0.87
HMHC,1.03,0.09
HMNF,1.74,0
HMST,2.97,0.4
HMSY,3.06,0.35
HMTV,1.41,0.13
HNDL,2,0
HNNA,1.49,0
HNRG,0.28,0.01
HOFT,2.27,0.41
HOFV,3.8,0.12
HOFVW,0.04,0.04
HOLI,1.7,0.16
HOLUU,0.62,0
HOLX,4.51,0.63
HOMB,1.59,0.3
HONE,0.9,0.12
HOOK,2.97,0.2
HOPE,1.12,0.12
HOTH,3.98,0.05
HOVNP,1.62,0
HPK,2.19,0
HPKEW,1.63,0
HQI,1,0
HQY,7.82,1.01
HRMY,7,1.88
HROW,1.25,0.12
HRTX,2.38,0.31
HRZN,2.81,0.06
HSAQ,1,0.09
HSDT,0.29,0.01
HSIC,11.17,0.77
HSII,3.57,0.3
HSKA,13.73,1.62
HSON,0.99,0
HSTM,2.74,0.19
HSTO,1.14,0.03
HTBI,2.18,0.19
HTBK,1.11,0.11
HTBX,1.68,0.02
HTGM,0.3,0.01
HTHT,3.52,0.52
HTIA,4.76,0
HTLD,1.49,0.21
HTLF,5.69,0.53
HTLFP,0.95,0
HUBG,6.15,0.5
HUGE,6.95,0.07
HUIZ,1.98,0
HURC,3.29,0.24
HURN,5.46,0.71
HUSN,0.88,0.01
HVBC,1.3,0
HWBK,3.59,0
HWC,3.34,0.39
HWCC,0.55,0.04
HWCPL,3.81,0.03
HWCPZ,0.4,0.1
HWKN,4.32,0.72
HX,5.13,0.02
HYAC,0.9,0
HYACU,1.16,0
HYACW,0.1,0.1
HYLS,1.71,0.1
HYMC,2.62,0.14
HYMCW,0.36,0.36
HYMCZ,0.01,0.01
HYRE,0.75,0.07
HYXE,2.52,0
HYZD,1.9,0.03
HZNP,7.45,0.52
IAC,10.66,1.45
IART,3.98,0.66
IBB,6.36,1.15
IBBJ,0.92,0.12
IBCP,1.8,0.17
IBEX,3.24,0.63
IBKR,4.53,0.53
IBOC,3.47,0.44
IBTA,1.33,0
IBTB,0.29,0
IBTD,0.14,0
IBTE,0.12,0
IBTF,0.16,0
IBTG,2.09,0
IBTH,1.52,0
IBTI,1.57,0
IBTJ,0.68,0
IBTK,0,0
IBTX,4.28,0.78
IBUY,6.84,0.58
ICAD,2.7,0.22
ICBK,3.59,0
ICCC,1.14,0
ICCH,1.47,0
ICFI,9.22,0.63
ICHR,4.84,0.56
ICLK,1.59,0.09
ICLN,1.03,0.11
ICLR,15.93,2.08
ICMB,1.05,0.05
ICON,0.87,0.02
ICPT,9.65,1.07
ICUI,21.52,2.71
IDCC,6.02,0.66
IDEX,1.38,0.02
IDLB,1.42,0
IDN,1.5,0.19
IDRA,0.59,0.04
IDXG,2.29,0.09
IDXX,28.91,3.8
IDYA,6.89,0.18
IEA,1.61,0.07
IEAWW,0.08,0.08
IEC,1.28,0.04
IEF,1.61,0.11
IEI,4.13,0.05
IEP,8.49,0.4
IESC,3.56,0.2
IEUS,1.55,0.13
IFGL,1.1,0.06
IFMK,0.54,0.02
IFRX,1.84,0.13
IFV,1.01,0.09
IGF,2.51,0.13
IGIB,3.67,0.06
IGIC,2.02,0
IGICW,0,0
IGMS,12.44,1.59
IGOV,2.38,0.12
IGSB,1.9,0.03
IHRT,2.39,0.19
III,0.67,0.02
IIIN,2.43,0.33
IIIV,4.02,0.47
IIN,1.71,0.1
IIVI,5.02,0.56
IIVIP,15.05,0.49
IJT,11.81,0.96
IKNX,1.75,0
ILMN,56.43,3.69
ILPT,1.99,0.27
IMAB,10.89,0.24
IMAC,3.4,0.03
IMACW,0.02,0.02
IMBI,1.71,0.05
IMGN,0.84,0.09
IMKTA,5.04,0.5
IMMP,0.59,0
IMMR,1.21,0.1
IMMU,4.2,0.52
IMOS,1.94,0.1
IMRA,15.64,0.12
IMRN,22.39,0
IMRNW,0.2,0.2
IMTE,8.03,0.1
IMTX,3.23,0
IMTXW,0.2,0.2
IMUX,3.76,0.24
IMV,2.67,0.07
IMVT,5.35,0.44
IMXI,2.9,0.24
INAQU,0.74,0.06
INBK,3.65,0.19
INBKL,3.29,0
INBKZ,3.76,0
INBX,6.72,0.67
INCY,8.43,1
INDB,10.05,0.87
INDY,1.61,0.13
INFI,0.36,0.02
INFN,1.01,0.11
INFR,1.85,0
INGN,10.14,0.51
INMB,10.85,0.15
INMD,4.18,0.51
INO,9.19,0.38
INOD,1.01,0.01
INOV,2.81,0.34
INPX,0.77,0.03
INSE,1.25,0.08
INSG,1.89,0.24
INSM,3.59,0.66
INSU,1.89,0
INSUU,2.82,0
INSUW,0.3,0.3
INTC,4.58,0.44
INTG,3.65,0
INTU,31.22,3.19
INVA,1.48,0.19
INVE,1.34,0.08
INWK,0.76,0.01
INZY,5.73,0.97
IONS,4.66,0.73
IOSP,8.43,1.06
IOVA,9.62,0.7
IPAR,6.7,0.48
IPDN,2.29,0
IPGP,16.83,2.28
IPHA,1.46,0
IPKW,1.19,0.06
IPLDP,2.49,0.02
IPWR,3.34,0.01
IQ,3.86,0.3
IRBT,8.7,1.05
IRCP,1.23,0
IRDM,4.37,0.33
IRIX,0.88,0
IRMD,3.62,0.3
IROQ,2.14,0
IRTC,42.57,2.47
IRWD,1.49,0.17
ISBC,1.54,0.13
ISDX,0.79,0.04
ISEE,1.79,0.12
ISEM,0.78,0
ISHG,1.25,0
ISIG,0.63,0
ISNS,1.81,0
ISRG,53.98,5.46
ISSC,1.47,0.04
ISTB,1.38,0.03
ISTR,3.84,0.1
ITACU,0.1,0.03
ITCI,5.87,0.41
ITI,0.56,0.08
ITIC,18.97,0
ITMR,4.52,0.08
ITOS,8.39,0.75
ITRI,9.15,0.95
ITRM,2.47,0.01
ITRN,4.13,0.21
IUS,1.32,0.02
IUSB,2.15,0.07
IUSG,4.12,0.28
IUSS,0.96,0.02
IUSV,3.35,0.21
IVA,3.19,0.13
IVAC,0.9,0.07
IXUS,3.81,0.18
IZEA,1.46,0.01
JACK,7.64,1.41
JAGX,0.22,0.01
JAKK,8.1,0.15
JAMF,15.15,0.53
JAN,2.61,0.04
JAZZ,13.24,1.41
JBHT,10.52,1.22
JBLU,2.19,0.24
JBSS,8.89,0.83
JCOM,8.65,0.78
JCS,0.87,0.03
JCTCF,1.72,0
JD,5.66,0.99
JFIN,24.62,0.02
JFK,3.13,0
JFKKR,0.11,0.11
JFKKU,13.75,0
JFKKW,0.44,0.44
JFU,3.88,0
JG,0.54,0.02
JJSF,18.24,1.19
JKHY,14.55,1.93
JKI,8.97,0.41
JMPNL,1.36,0
JMPNZ,1.52,0.09
JNCE,2.82,0.16
JOBS,8.19,0.69
JOUT,9.52,0.78
JRJC,17.39,0
JRSH,2.04,0
JRVR,3.95,0.62
JSM,4.66,0.09
JSMD,3.44,0.16
JSML,4.08,0.08
JVA,0.86,0.06
JYNT,2.67,0.25
KALA,1.88,0.28
KALU,8.41,0.97
KALV,2.84,0.29
KBAL,1.53,0.18
KBLM,0.75,0
KBLMR,0.06,0.06
KBLMW,0.03,0.03
KBNT,1.59,0.08
KBNTW,0,0
KBSF,1.99,0.02
KBWB,3.21,0.36
KBWD,1.91,0.12
KBWP,3.79,0.24
KBWR,3.36,0.01
KBWY,2.25,0.26
KC,6.33,0.18
KCAPL,0.21,0.21
KE,2,0.15
KELYA,2.35,0.27
KELYB,63.56,0
KEQU,4.34,0
KERN,2.27,0.12
KERNW,0.08,0.08
KFFB,0.8,0
KFRC,6.16,0.4
KGJI,0.88,0.01
KHC,4.4,0.32
KIDS,5.71,0.76
KIN,1.38,0.12
KINS,0.82,0.05
KIRK,4.29,0.04
KLAC,18.07,2.24
KLDO,2.05,0.22
KLIC,2.77,0.34
KLXE,3.7,0.19
KMDA,2.4,0.05
KNDI,8.87,0.07
KNSA,3.31,0.36
KNSL,26,2.35
KOD,7.72,1.19
KOPN,0.56,0.02
KOR,0.31,0.06
KOSS,1.63,0
KPTI,2.95,0.38
KRKR,2.44,0
KRMA,1.21,0.06
KRMD,2.41,0.2
KRNT,7.12,0.78
KRNY,1.4,0.12
KROS,19,0.69
KRTX,15.87,1.78
KRUS,4.03,0.3
KRYS,7.39,1.04
KSMTU,0.13,0
KSPN,5.07,0.19
KTCC,2.26,0.08
KTOS,2.21,0.27
KTOV,6.29,0.12
KTOVW,0.01,0.01
KTRA,0.39,0.06
KURA,5.61,0.27
KVHI,1.6,0.13
KXIN,0.46,0
KYMR,9.41,1.03
KZIA,2.37,0
KZR,3.23,0.14
LACQ,2.67,0
LACQU,2.47,0
LACQW,0.01,0.01
LAKE,5.44,0.35
LAMR,12.41,1.06
LANC,15.91,1.75
LAND,1.35,0.16
LANDP,1.78,0
LARK,3.8,0
LASR,3.2,0.43
LATN,0.26,0
LATNU,0.9,0
LATNW,0.05,0.05
LAUR,2.32,0.2
LAWS,5.56,0.14
LAZY,2.07,0
LBAI,1.72,0.16
LBC,1.94,0.06
LBRDA,12.19,0.9
LBRDK,11.68,1.07
LBTYA,3.46,0.22
LBTYB,37.46,0
LBTYK,3.7,0.23
LCA,3.12,0
LCAHU,3.71,0
LCAHW,0.33,0.33
LCAPU,0.07,0
LCNB,3.8,0.1
LCUT,2.14,0.08
LDEM,1.06,0
LDSF,0.56,0.01
LE,1.86,0.28
LECO,8.01,0.79
LEDS,1.74,0.07
LEGH,2.54,0.2
LEGN,4.94,0.33
LEGR,1.09,0.04
LEVL,3.89,0
LEVLP,1.23,0
LFAC,1.06,0
LFACU,3.88,0
LFACW,0.07,0.07
LFUS,21.34,1.72
LFVN,3.31,0.19
LGHL,4.57,0.03
LGHLW,0.02,0.02
LGIH,12.9,1.69
LGND,15.43,1.42
LHCG,20.39,2.39
LI,5.49,0.6
LIFE,0.92,0.1
LILA,1.24,0.18
LILAK,1.93,0.17
LILAR,0.62,0.31
LINC,1.62,0
LIND,2.33,0.19
LIQT,1.81,0.09
LITE,8.77,1.57
LIVE,3,0
LIVK,0.5,0
LIVKU,0.15,0
LIVKW,0,0
LIVN,10.97,0.7
LIVX,1.08,0.08
LIZI,2.44,0.04
LJPC,1.19,0.11
LKCO,0.7,0.02
LKFN,5.67,0.58
LKQ,3.4,0.38
